person_id,student_id,employee_id,name,address,personal_email,personal_phone,prgm_start_date,student_status,hire_date,termination_date,employee_email,student_email
18354,16242,5425,Jessica Moran,"56848 Patricia Rest Apt. 465 Lake Debrafurt, WY 03496",smithanthony@example.net,(344)226-1586x768,2016-07-26,Inactive,2002-11-26,,JessicaMoran@u.edu,JessicaMoran@my.u.edu
18355,16243,5426,Justin Ortega,"0669 Spencer Neck East Jonathanville, WI 21216",lroberts@example.org,001-729-592-5806x151,2000-07-25,Inactive,2000-12-03,2022-12-31,JustinOrtega@u.edu,JustinOrtega@my.u.edu
18356,16244,5427,Jonathan Manning,"57655 King Drive Suite 039 West Alexandria, WA 87813",corysilva@example.com,345.559.6663x252,2009-03-29,Inactive,2001-03-02,2019-10-26,JonathanManning@u.edu,JonathanManning@my.u.edu
18357,16245,5428,Victor Burke,"4392 Rodriguez Shores North Danielletown, RI 71042",jenniferbowers@example.net,+1-829-753-1230x61970,2015-04-05,Inactive,2002-06-10,,VictorBurke@u.edu,VictorBurke@my.u.edu
18358,16246,5429,Christopher Clark,"399 Lawson River Lake Dominiqueview, AR 01145",lisanewton@example.org,782-820-4719x6629,2017-11-02,Inactive,2006-12-27,2013-08-15,ChristopherClark@u.edu,ChristopherClark@my.u.edu
18359,16247,5430,William Chen,"PSC 5352, Box 9616 APO AP 57200",michelle12@example.com,404-384-5038x754,2007-12-13,Inactive,2007-10-28,2020-07-18,WilliamChen@u.edu,WilliamChen@my.u.edu
18360,16248,5431,Nathan Carrillo,"53906 Andrew Path Apt. 830 Michaelborough, KY 77034",patriciachen@example.org,721.276.6084,1995-03-03,Inactive,2011-03-25,2016-05-25,NathanCarrillo@u.edu,NathanCarrillo@my.u.edu
18361,16249,5432,Nathan Jensen,"8747 Allen Village Dunnchester, NJ 65781",williamsamber@example.com,001-501-978-4315x9026,1996-03-15,Inactive,2004-11-01,2005-09-09,NathanJensen@u.edu,NathanJensen@my.u.edu
18362,16250,5433,Nicholas Woods,"723 Michael Court West Mikayla, FL 89113",brian62@example.net,+1-532-833-6602x424,2014-06-27,Inactive,2012-01-23,2014-08-22,NicholasWoods@u.edu,NicholasWoods@my.u.edu
18363,16251,5434,Karl Horne,"246 Mark Tunnel Apt. 596 Castilloside, IL 76813",oallison@example.net,+1-712-642-7058x5834,2009-05-26,Inactive,2021-05-09,2023-04-20,KarlHorne@u.edu,KarlHorne@my.u.edu
18364,,5435,Linda Miller,"0972 Ware Springs East Nancy, AL 49139",piercehannah@example.com,001-340-471-9900,,,2000-06-28,2019-09-03,LindaMiller@u.edu,
18365,,5436,Nicholas Mitchell,"20617 Blankenship Plaza South Debra, OH 57899",knelson@example.com,(200)937-0040,,,1996-03-27,2013-03-22,NicholasMitchell@u.edu,
18366,,5437,Robert Yang,"30748 Ramirez Dale Apt. 074 South Carlaside, MA 88595",hcook@example.com,638.635.6830,,,2011-01-17,2012-09-27,RobertYang@u.edu,
18367,,5438,Melissa Martinez,"1693 May Flats Apt. 364 Mathewsmouth, UT 32964",markthomas@example.org,001-402-513-6942x91987,,,2015-08-29,2020-02-14,MelissaMartinez@u.edu,
18368,,5439,Frank Castro,Unit 3139 Box 0467 DPO AE 29859,sthompson@example.org,636-282-4655,,,2007-12-11,,FrankCastro@u.edu,
18369,,5440,Emily Miller,"720 Eric Lights Suite 126 New George, AR 52384",timothymcknight@example.com,(556)237-6543,,,2018-03-29,2024-05-19,EmilyMiller@u.edu,
18370,,5441,Jordan Miller,"90117 Phillips Plaza Apt. 439 South Tammy, AS 81319",jamescharles@example.org,(792)821-2701x3078,,,1997-02-04,2017-12-26,JordanMiller@u.edu,
18371,,5442,Brett Davis,"66471 Singleton Lodge South Trevor, WV 56283",corybrown@example.net,416-575-9533,,,2007-10-13,2022-06-04,BrettDavis@u.edu,
18372,,5443,Samuel Holland,"469 Rice Burg Apt. 527 Daughertyville, TX 09831",petergallegos@example.net,475.875.2699,,,2021-12-18,2022-04-21,SamuelHolland@u.edu,
18373,,5444,Randy Brown,"95636 Reese Mountain Apt. 753 Saraville, LA 15237",davidherrera@example.org,683-410-8310x59963,,,2007-08-05,2024-04-27,RandyBrown@u.edu,
18374,,5445,Calvin Hill,"741 Middleton Plain Suite 294 East Andreachester, DE 48629",mayian@example.org,482.866.4797x853,,,2007-12-26,,CalvinHill@u.edu,
18375,,5446,Anthony Buchanan,"646 Amanda Common New John, WI 41479",brianwhite@example.org,+1-574-255-3498,,,2007-07-13,,AnthonyBuchanan@u.edu,
18376,,5447,Brittany Chang,USNS Banks FPO AE 58720,alanwilliams@example.org,+1-578-912-0988,,,2007-02-09,2007-10-19,BrittanyChang@u.edu,
18377,,5448,Becky Hendrix,"182 Brent Springs Apt. 683 Perryberg, VA 11426",spalmer@example.net,+1-597-976-4900,,,2024-12-27,2025-01-08,BeckyHendrix@u.edu,
18378,,5449,Dustin Turner,"5589 Vincent Hill New Loretta, PR 19102",udavis@example.org,210-950-4491x22461,,,2011-12-12,2016-09-20,DustinTurner@u.edu,
18379,,5450,Amy Santos,"680 Sarah Course Apt. 823 South Seanton, RI 75794",fjohnson@example.net,284-354-6641x398,,,1997-05-08,2010-03-24,AmySantos@u.edu,
18380,,5451,Scott Page,"4525 Mendez Spur Apt. 463 Port Anne, VA 80827",uwilliams@example.org,(952)749-3079x341,,,2015-11-28,2023-06-03,ScottPage@u.edu,
18381,,5452,Christopher Kelley,"75628 Melinda Throughway Apt. 419 Sethhaven, MH 12893",ggriffin@example.org,(411)615-8844,,,2021-06-15,2022-07-14,ChristopherKelley@u.edu,
18382,,5453,Abigail Hamilton,"857 Mercado Highway Apt. 983 Jeffreystad, NM 15478",hryan@example.net,451-843-7477,,,2014-09-01,2015-07-21,AbigailHamilton@u.edu,
18383,,5454,Colleen Williamson,"40694 Timothy Squares West Ashleyview, TN 68139",qsnyder@example.com,+1-401-651-8761x27798,,,2004-01-30,2013-09-05,ColleenWilliamson@u.edu,
18384,16172,,Lisa Jenkins,"PSC 0267, Box 0805 APO AP 17168",umata@example.com,(327)784-5725x76441,2015-10-24,Inactive,,,,LisaJenkins@my.u.edu
18385,16173,,Paul Harris,"PSC 7566, Box 7683 APO AP 10096",brandi72@example.org,001-474-655-7343x22526,2023-04-15,Active,,,,PaulHarris@my.u.edu
18386,16174,,Jessica Buckley,"23472 Anthony Dale Gonzalezhaven, WA 69158",jonestammy@example.net,631.893.1880,1997-08-18,Inactive,,,,JessicaBuckley@my.u.edu
18387,16175,,Christine Stanley,"437 Michael Summit Shannonstad, MA 51520",matthew86@example.net,001-384-909-6230x04776,2022-06-30,Active,,,,ChristineStanley@my.u.edu
18388,16176,,Richard Moore,"86455 Hannah Trail Ruizborough, NY 78001",dana25@example.org,402.538.6816,2008-07-17,Inactive,,,,RichardMoore@my.u.edu
18389,16177,,Phillip Barnett,Unit 3359 Box 4047 DPO AP 27762,rachelparker@example.net,951-904-9172,1997-06-30,Inactive,,,,PhillipBarnett@my.u.edu
18390,16178,,Brooke Green,"4262 Jamie Pines Suite 092 Phillipshaven, GU 42132",sparksjennifer@example.org,(636)555-6494,2017-12-13,Inactive,,,,BrookeGreen@my.u.edu
18391,16179,,Amanda Burch,"85614 Calvin Manor Apt. 485 East Cody, NM 44041",kimberly02@example.org,2924988506,2000-01-10,Inactive,,,,AmandaBurch@my.u.edu
18392,16180,,Priscilla Garner,"473 Woods Via South Jonathan, WA 76647",sandragarcia@example.com,(589)867-5708x7292,1997-08-27,Inactive,,,,PriscillaGarner@my.u.edu
18393,16181,,Sheri Silva,"9151 Christopher Isle New Jeremy, MP 48141",elizabeth74@example.org,589.794.3535x301,2008-07-04,Inactive,,,,SheriSilva@my.u.edu
18394,16182,,Samantha Washington,"16999 Glover Hills Stephenschester, SD 36389",creid@example.org,900.333.9352x490,2021-12-08,Inactive,,,,SamanthaWashington@my.u.edu
18395,16183,,Courtney Bowen,"2318 Andrew Spur Suite 462 Rodriguezstad, GU 66132",allisonbrown@example.org,(286)299-4143,2010-08-30,Inactive,,,,CourtneyBowen@my.u.edu
18396,16184,,Alexis Lee,"827 Tran Haven Suite 528 West Austin, DE 42908",jenniferdavis@example.com,581-508-8857x5098,1998-01-11,Inactive,,,,AlexisLee@my.u.edu
18397,16185,,Donald Pena,"63007 Jessica Glens Apt. 884 Jayfort, ME 85798",blong@example.net,001-760-426-0351x7444,2019-12-27,Inactive,,,,DonaldPena@my.u.edu
18398,16186,,Kaylee Ramos,"048 Danielle Junctions Apt. 288 Davidview, VA 96919",justin32@example.net,520-282-1215x128,2009-04-17,Inactive,,,,KayleeRamos@my.u.edu
18399,16187,,Courtney Sherman,"4375 Hardy Meadow South Craig, RI 81754",michaelwatson@example.org,790.367.1938,2005-05-14,Inactive,,,,CourtneySherman@my.u.edu
18400,16188,,Jenna Kelly,"7287 Lyons Viaduct Muellerberg, VI 83928",kennethfrederick@example.net,+1-277-786-2134x592,2013-12-03,Inactive,,,,JennaKelly@my.u.edu
18401,16189,,Emma Lewis,"63013 Nancy Crossroad Lake Amytown, ID 58587",blake41@example.com,943-354-9088x07469,2000-04-09,Inactive,,,,EmmaLewis@my.u.edu
18402,16190,,Julian Cox,"81883 Danielle Hills Apt. 671 Lake Andreafurt, KS 15172",lauren75@example.org,(777)907-5894,2007-12-05,Inactive,,,,JulianCox@my.u.edu
18403,16191,,Craig Dorsey,"8816 Johnson Station East Marymouth, CO 28899",matthewbrown@example.org,(567)412-8129x33960,1999-07-13,Inactive,,,,CraigDorsey@my.u.edu
18404,16192,,Cathy Perry,"75611 Kennedy Square Suite 913 Benjaminmouth, KS 06858",christine35@example.com,+1-324-232-5161x812,2024-10-06,Active,,,,CathyPerry@my.u.edu
18405,16193,,Mary Cohen,"276 David Union Suite 823 Port Alexanderburgh, AR 10088",michelle82@example.org,729.466.4209x04413,2018-02-24,Inactive,,,,MaryCohen@my.u.edu
18406,16194,,Brooke Brown,"075 Autumn Roads Suite 979 Davidberg, UT 67634",aesparza@example.net,(874)836-2512x83176,2018-08-02,Inactive,,,,BrookeBrown@my.u.edu
18407,16195,,Krista Duarte,"2290 Smith Drive Gomezton, MO 55885",bford@example.org,303-632-7842,2011-02-15,Inactive,,,,KristaDuarte@my.u.edu
18408,16196,,Melinda King,"1533 Alfred Falls Rhodesport, AS 47671",mcampbell@example.com,287-974-6841x36976,2000-02-12,Inactive,,,,MelindaKing@my.u.edu
18409,16197,,Melissa Hardin,"38979 Phyllis Roads Lake Jordanbury, UT 39607",shawn57@example.net,319.758.7828,2001-11-17,Inactive,,,,MelissaHardin@my.u.edu
18410,16198,,Robert Spencer,"864 Harris Canyon Apt. 060 East Nathan, MS 96744",ricardo51@example.org,(873)235-1540x6833,2012-06-17,Inactive,,,,RobertSpencer@my.u.edu
18411,16199,,Brittney Jackson,"43573 Michelle Oval Brownberg, NV 94334",nroach@example.com,001-948-589-0017x1781,2011-09-28,Inactive,,,,BrittneyJackson@my.u.edu
18412,16200,,Cody Mills DVM,"5158 Maria Fort Berryland, NV 46283",coryskinner@example.com,819-616-1939x10070,2015-03-02,Inactive,,,,CodyMillsDVM@my.u.edu
18413,16201,,Hannah Bennett,"220 Ashlee Mount Suite 924 Parksstad, MS 42902",gregorybonilla@example.com,7495811167,2008-10-02,Inactive,,,,HannahBennett@my.u.edu
18414,16202,,Rachel Bradley,"1088 Lewis Forest Apt. 060 Lake Ashleychester, NJ 09173",faithhoffman@example.net,711-416-5922x8057,1995-02-22,Inactive,,,,RachelBradley@my.u.edu
18415,16203,,Scott Myers,"52148 Stout Drives West Joelburgh, FM 93436",sramirez@example.net,3112421682,2000-02-12,Inactive,,,,ScottMyers@my.u.edu
18416,16204,,Joseph Nicholson,"0901 James Causeway Apt. 401 East Matthewshire, GU 41898",wangapril@example.com,+1-558-943-5900x260,2013-07-29,Inactive,,,,JosephNicholson@my.u.edu
18417,16205,,Donald Love,Unit 3559 Box 2151 DPO AP 29557,bethany51@example.com,+1-578-737-4849,1998-07-23,Inactive,,,,DonaldLove@my.u.edu
18418,16206,,Amy Cochran,"183 Ryan Spurs Suite 604 Georgemouth, KS 17041",thernandez@example.org,(606)933-9720x03550,2021-01-26,Inactive,,,,AmyCochran@my.u.edu
18419,16207,,Megan Christian,"25592 Kim Branch Tonyaview, WY 80310",ramirezsusan@example.net,339-615-5213x121,2016-11-09,Inactive,,,,MeganChristian@my.u.edu
18420,16208,,Albert Sanchez,"71114 Peterson Isle Suite 812 East Anthony, GA 13073",bushbrandon@example.com,001-282-797-7265x87797,2012-07-06,Inactive,,,,AlbertSanchez@my.u.edu
18421,16209,,Paul Cruz,"6353 Crystal Spur Apt. 974 East Elizabethland, TN 68466",hoffmanreginald@example.com,001-478-369-2038x57011,2006-03-15,Inactive,,,,PaulCruz@my.u.edu
18422,16210,,Jenna Shields,"7781 Stacy Crest Suite 531 Beverlyshire, AL 78006",xgoodman@example.org,526.493.6466x623,1999-08-07,Inactive,,,,JennaShields@my.u.edu
18423,16211,,Sue Wilkins,USCGC Mcdonald FPO AP 05694,moranjonathan@example.net,001-578-808-8368x2417,2011-04-29,Inactive,,,,SueWilkins@my.u.edu
18424,16212,,Jocelyn Ross,"27664 Debbie Fork Rileyton, PW 30581",kendracruz@example.com,3736207710,2011-10-29,Inactive,,,,JocelynRoss@my.u.edu
18425,16213,,Don Davis,"16392 Joshua Brook West Nicholas, TX 31565",pearsonerin@example.com,689-877-4117,2013-04-26,Inactive,,,,DonDavis@my.u.edu
18426,16214,,Judith Walker,"61585 Megan Park Port Bethany, PA 07486",mwallace@example.org,560.738.5676,2010-01-14,Inactive,,,,JudithWalker@my.u.edu
18427,16215,,James Mercer,"PSC 2382, Box 8908 APO AE 48048",parsonsashlee@example.com,2355128580,2022-08-17,Active,,,,JamesMercer@my.u.edu
18428,16216,,Cynthia Freeman,"622 Catherine Ridge Apt. 977 East Nicholasshire, VI 55299",jeffreypeterson@example.org,2773438616,2003-09-17,Inactive,,,,CynthiaFreeman@my.u.edu
18429,16217,,Kenneth Glover,"882 Thomas Lights Apt. 532 Olsenside, TN 73598",dana20@example.com,582.222.2517,2005-05-21,Inactive,,,,KennethGlover@my.u.edu
18430,16218,,Michael Castaneda,"820 Hancock Roads Apt. 068 South Samuelberg, NC 32060",morgandanielle@example.org,821.337.1133,2023-05-24,Active,,,,MichaelCastaneda@my.u.edu
18431,16219,,Norman Williams,"3914 Fuller Ways Apt. 656 Owensshire, RI 92816",sherry30@example.org,(776)372-2487,2019-04-16,Inactive,,,,NormanWilliams@my.u.edu
18432,16220,,Jeffrey Booth,"70748 Wood Ford West Deniseborough, KS 02886",johnsonlindsey@example.org,(891)982-4315,1998-06-18,Inactive,,,,JeffreyBooth@my.u.edu
18433,16221,,William Barton,"2771 Daniel Islands Apt. 894 New Charlene, AK 17240",carrie83@example.org,001-539-743-2398,2023-12-31,Active,,,,WilliamBarton@my.u.edu
18434,16222,,Lawrence Johnson,"79967 Garrett Keys Tarahaven, ND 26384",tiffany81@example.org,+1-886-814-8391x4618,2004-12-06,Inactive,,,,LawrenceJohnson@my.u.edu
18435,16223,,Tracy Jackson,"492 Chang Overpass Apt. 753 Garciaview, OR 48360",pmartin@example.com,731-670-4155,2022-05-15,Active,,,,TracyJackson@my.u.edu
18436,16224,,Erik Moreno,"61905 Sanchez Drive Michelleview, SC 94428",eoliver@example.org,837.576.0214x694,2024-09-09,Active,,,,ErikMoreno@my.u.edu
18437,16225,,Tyler Rivera,"0367 Lloyd Union Apt. 233 Jamesport, CA 79114",greenbrandon@example.net,5855448457,2021-02-11,Inactive,,,,TylerRivera@my.u.edu
18438,16226,,Manuel Chen MD,"57951 Austin Neck Maloneport, NM 66457",ramosamanda@example.org,362-441-5888x367,2023-04-28,Active,,,,ManuelChenMD@my.u.edu
18439,16227,,Susan Hughes,"7035 Trevino Club Port Annettehaven, MN 15332",carlmays@example.com,001-315-526-7334x6950,2009-12-25,Inactive,,,,SusanHughes@my.u.edu
18440,16228,,Jason Meyers,"17278 Butler Drive East Joy, NC 18787",josephray@example.com,838.474.4554x00344,2008-10-15,Inactive,,,,JasonMeyers@my.u.edu
18441,16229,,Trevor Carter,"553 Heather Plaza New Nicholas, WY 41016",juan92@example.org,678-771-2342,2009-03-23,Inactive,,,,TrevorCarter@my.u.edu
18442,16230,,Tyler Nelson,"8960 Jasmine Falls Cynthiaton, MN 61642",andersonjustin@example.com,212-524-7677x7070,1995-09-13,Inactive,,,,TylerNelson@my.u.edu
18443,16231,,Jennifer Klein,"5428 Swanson Key Williamstad, WI 92053",owashington@example.com,001-799-592-6645,2007-08-10,Inactive,,,,JenniferKlein@my.u.edu
18444,16232,,Kristina Murillo,"2040 Cheyenne Drive New Kristyborough, HI 37237",whitneyscott@example.org,(383)577-0123x947,2010-04-28,Inactive,,,,KristinaMurillo@my.u.edu
18445,16233,,Ashley Peterson,"86823 Lisa Plaza New Jacobland, NJ 57360",ybutler@example.com,218-704-0315x988,2013-12-16,Inactive,,,,AshleyPeterson@my.u.edu
18446,16234,,Kellie Gilbert,"9715 Pitts Roads Darlenefurt, PR 92815",cameroncase@example.org,8595555946,2022-11-30,Active,,,,KellieGilbert@my.u.edu
18447,16235,,Jason Holland,"9430 Baker Fall Port Joe, AZ 16952",patriciastephens@example.com,001-525-949-4330x029,2020-07-27,Inactive,,,,JasonHolland@my.u.edu
18448,16236,,Jill Pierce,"167 Choi Cove Suite 785 Port Davidport, CA 88215",tcooper@example.net,(888)739-4791x4557,1998-01-01,Inactive,,,,JillPierce@my.u.edu
18449,16237,,Brandy Combs,"3627 Love Mill Suite 567 North Brianaton, VI 70918",joseph41@example.net,(659)805-8675,1997-12-21,Inactive,,,,BrandyCombs@my.u.edu
18450,16238,,Mark Foster,"0997 Cardenas Valley Suite 643 Tanyaport, KS 47666",bushanna@example.com,812.915.5752,2016-07-24,Inactive,,,,MarkFoster@my.u.edu
18451,16239,,Dale Small,"82947 Smith Forest North Meghan, KY 19218",tjohnson@example.com,+1-763-267-4902x824,2006-08-25,Inactive,,,,DaleSmall@my.u.edu
18452,16240,,William Thompson,"29694 Lisa Stream Suite 534 East Rebecca, IN 27615",hmoses@example.com,001-344-439-3552x35064,2011-12-13,Inactive,,,,WilliamThompson@my.u.edu
18453,16241,,Greg Ferguson,"3498 Morgan Ville West Meghanmouth, NJ 23153",stephanie91@example.org,432-400-2737x004,2022-03-08,Active,,,,GregFerguson@my.u.edu
18454,16242,,Jessica Moran,"56848 Patricia Rest Apt. 465 Lake Debrafurt, WY 03496",smithanthony@example.net,(344)226-1586x768,2016-07-26,Inactive,,,,JessicaMoran@my.u.edu
18455,16243,,Justin Ortega,"0669 Spencer Neck East Jonathanville, WI 21216",lroberts@example.org,001-729-592-5806x151,2000-07-25,Inactive,,,,JustinOrtega@my.u.edu
18456,16244,,Jonathan Manning,"57655 King Drive Suite 039 West Alexandria, WA 87813",corysilva@example.com,345.559.6663x252,2009-03-29,Inactive,,,,JonathanManning@my.u.edu
18457,16245,,Victor Burke,"4392 Rodriguez Shores North Danielletown, RI 71042",jenniferbowers@example.net,+1-829-753-1230x61970,2015-04-05,Inactive,,,,VictorBurke@my.u.edu
18458,16246,,Christopher Clark,"399 Lawson River Lake Dominiqueview, AR 01145",lisanewton@example.org,782-820-4719x6629,2017-11-02,Inactive,,,,ChristopherClark@my.u.edu
18459,16247,,William Chen,"PSC 5352, Box 9616 APO AP 57200",michelle12@example.com,404-384-5038x754,2007-12-13,Inactive,,,,WilliamChen@my.u.edu
18460,16248,,Nathan Carrillo,"53906 Andrew Path Apt. 830 Michaelborough, KY 77034",patriciachen@example.org,721.276.6084,1995-03-03,Inactive,,,,NathanCarrillo@my.u.edu
18461,16249,,Nathan Jensen,"8747 Allen Village Dunnchester, NJ 65781",williamsamber@example.com,001-501-978-4315x9026,1996-03-15,Inactive,,,,NathanJensen@my.u.edu
18462,16250,,Nicholas Woods,"723 Michael Court West Mikayla, FL 89113",brian62@example.net,+1-532-833-6602x424,2014-06-27,Inactive,,,,NicholasWoods@my.u.edu
18463,16251,,Karl Horne,"246 Mark Tunnel Apt. 596 Castilloside, IL 76813",oallison@example.net,+1-712-642-7058x5834,2009-05-26,Inactive,,,,KarlHorne@my.u.edu
